CampaignChannel,AdSpend,Conversion,Leads,TotalTargeted,CAC,CPL,ConvRate
Email,7871575.852,1355,1527,1557,5809.281071,5154.928521,87.02633269
PPC,8199236.981,1461,1618,1655,5612.071856,5067.513585,88.27794562
Referral,8653518.686,1518,1695,1719,5700.605195,5105.320758,88.30715532
SEO,7740903.876,1359,1517,1550,5696.029342,5102.771177,87.67741935
Social Media,7542323.249,1319,1494,1519,5718.213229,5048.409136,86.83344305
